                  epoch,         train/box_loss,         train/cls_loss,         train/dfl_loss,   metrics/precision(B),      metrics/recall(B),       metrics/mAP50(B),    metrics/mAP50-95(B),           val/box_loss,           val/cls_loss,           val/dfl_loss,                 lr/pg0,                 lr/pg1,                 lr/pg2
                      1,                 4.7691,                 10.503,                 4.0091,                      0,                      0,                      0,                      0,                 5.8906,                 9.6782,                 4.3131,             0.00065432,             0.00065432,             0.00065432
                      2,                 2.9654,                 4.6985,                 2.6625,                 0.1756,                0.01055,                0.02655,                  0.009,                 2.8188,                 5.2062,                 2.7461,              0.0012615,              0.0012615,              0.0012615
                      3,                 2.5185,                 3.5239,                 2.2836,                0.23126,                0.50211,                 0.1954,                0.09502,                 1.9401,                 7.7075,                 2.1594,              0.0018088,              0.0018088,              0.0018088
                      4,                 2.1944,                 2.5842,                 1.9904,                0.48234,                0.56962,                 0.4719,                0.22127,                 1.8705,                 4.4957,                 2.0593,                0.00173,                0.00173,                0.00173
                      5,                 1.9377,                 2.0219,                 1.8144,                0.52211,                0.71519,                0.54495,                0.25895,                 1.8322,                  5.532,                 2.0651,                0.00164,                0.00164,                0.00164
                      6,                 1.8482,                 1.8978,                 1.7341,                0.53575,                0.70886,                0.53951,                0.28872,                 1.5733,                  1.871,                 1.6875,                0.00155,                0.00155,                0.00155
                      7,                 1.7724,                 1.6638,                 1.6696,                0.57724,                0.80369,                0.61488,                0.32819,                 1.4983,                 2.2902,                 1.6006,                0.00146,                0.00146,                0.00146
                      8,                 1.6527,                  1.611,                 1.5725,                0.62745,                0.78481,                0.68818,                0.34087,                 1.6535,                 1.8064,                 1.7794,                0.00137,                0.00137,                0.00137
                      9,                 1.5799,                 1.4398,                 1.5351,                0.60519,                0.78903,                0.66774,                0.39861,                 1.4248,                 1.4465,                 1.5296,                0.00128,                0.00128,                0.00128
                     10,                 1.5678,                 1.4149,                 1.4622,                0.63432,                0.81224,                0.72696,                0.47088,                 1.2758,                 1.3552,                 1.3801,                0.00119,                0.00119,                0.00119
                     11,                 1.5364,                 1.3611,                 1.4374,                0.63763,                  0.827,                0.68024,                0.41412,                 1.3611,                 1.3747,                 1.4936,                 0.0011,                 0.0011,                 0.0011
                     12,                 1.4644,                 1.2933,                 1.3816,                0.66593,                0.82006,                0.75001,                0.43529,                 1.3893,                 1.2086,                 1.4418,                0.00101,                0.00101,                0.00101
                     13,                 1.3595,                 1.2937,                 1.4302,                0.64164,                0.85369,                0.75024,                0.41583,                 1.4189,                 1.2445,                 1.4372,                0.00092,                0.00092,                0.00092
                     14,                  1.318,                 1.2153,                 1.4047,                0.64655,                0.85673,                0.75817,                0.47418,                 1.2742,                 1.1812,                 1.3488,                0.00083,                0.00083,                0.00083
                     15,                 1.2643,                 1.1658,                 1.3649,                0.66406,                0.84242,                0.75753,                0.49184,                 1.2067,                   1.16,                 1.3024,                0.00074,                0.00074,                0.00074
                     16,                 1.2654,                 1.1404,                 1.3406,                0.68216,                0.83766,                0.76067,                0.47418,                 1.2929,                 1.0999,                 1.3502,                0.00065,                0.00065,                0.00065
                     17,                 1.2579,                 1.1454,                 1.3392,                 0.6623,                0.85647,                0.74459,                0.48089,                 1.2286,                 1.0806,                 1.2755,                0.00056,                0.00056,                0.00056
                     18,                 1.2352,                 1.1351,                 1.3019,                0.68363,                 0.8206,                0.73513,                0.46597,                 1.2236,                 1.1279,                 1.2653,                0.00047,                0.00047,                0.00047
                     19,                 1.2207,                 1.1247,                 1.3033,                0.68523,                0.86076,                0.76034,                0.49026,                 1.2053,                 1.1045,                 1.2574,                0.00038,                0.00038,                0.00038
                     20,                 1.2296,                  1.063,                 1.3258,                0.67601,                0.86076,                0.77657,                0.50949,                 1.1672,                 1.0138,                 1.2373,                0.00029,                0.00029,                0.00029
                     21,                 1.2158,                 1.0672,                 1.2903,                0.69319,                0.84369,                0.77683,                0.52642,                 1.1532,                0.99425,                 1.2305,                 0.0002,                 0.0002,                 0.0002
                     22,                 1.1528,                 1.0085,                  1.274,                0.67922,                0.85654,                0.78098,                0.52663,                 1.1464,                0.98837,                  1.221,                0.00011,                0.00011,                0.00011
